-- --------------------------------------------------------
-- Host:                         127.0.0.1
-- Versión del servidor:         8.0.30 - MySQL Community Server - GPL
-- SO del servidor:              Win64
-- HeidiSQL Versión:             12.1.0.6537
-- --------------------------------------------------------

/*!40101 SET @OLD_CHARACTER_SET_CLIENT=@@CHARACTER_SET_CLIENT */;
/*!40101 SET NAMES utf8 */;
/*!50503 SET NAMES utf8mb4 */;
/*!40103 SET @OLD_TIME_ZONE=@@TIME_ZONE */;
/*!40103 SET TIME_ZONE='+00:00' */;
/*!40014 SET @OLD_FOREIGN_KEY_CHECKS=@@FOREIGN_KEY_CHECKS, FOREIGN_KEY_CHECKS=0 */;
/*!40101 SET @OLD_SQL_MODE=@@SQL_MODE, SQL_MODE='NO_AUTO_VALUE_ON_ZERO' */;
/*!40111 SET @OLD_SQL_NOTES=@@SQL_NOTES, SQL_NOTES=0 */;

-- Volcando datos para la tabla webdoc.categorias: ~7 rows (aproximadamente)
INSERT INTO `categorias` (`id`, `nombre`, `imagen`, `descripcion`, `slug`) VALUES
	(1, 'Juegos', '1698926447_57353a8ad23dc9608429.jpg', 'Explora el mundo de los videojuegos, desde los clásicos hasta las últimas novedades. ', 'juegos'),
	(2, 'Deportes', '1698926456_46741f1569a674435c14.jpg', 'Noticias, análisis y discusiones sobre los deportes más populares del mundo. ', 'deportes'),
	(3, 'Cine', '1698926463_6543b6bd376321e7424d.jpg', 'Descubre las últimas películas, reseñas y debates sobre el mundo del cine. ', 'cine'),
	(4, 'Moda', '1698926470_0a0c29cfc3289d21e539.jpg', 'Tendencias, estilos y consejos sobre el fascinante mundo de la moda. ', 'moda'),
	(5, 'Anime', '1698926477_03667ea7ea1de30888e0.jpg', 'Sumérgete en el mundo del anime, con reseñas, discusiones y recomendaciones. ', 'anime'),
	(6, 'Ética y Filosofía', '1698926485_fa2aa79c024d8c561c41.jpg', 'Debates profundos y discusiones sobre ética, moral y filosofía. ', 'ética-y-filosofía'),
	(7, 'Programación', '1698926492_cb37b68090c96c1e9d7e.jpg', 'Aprende, discute y comparte sobre el vasto mundo de la programación y el desarrollo. ', 'programación');

-- Volcando datos para la tabla webdoc.comentarios: ~185 rows (aproximadamente)
INSERT INTO `comentarios` (`id`, `id_libro`, `id_usuario`, `contenido`, `fecha_publicacion`, `valoracion`) VALUES
	(30, 12, 1, '367576119', '2023-11-09 21:47:20', 5),
	(31, 25, 1, '1836484629', '2023-11-09 21:47:20', 5),
	(32, 63, 2, '300932338', '2023-11-09 21:47:20', 1),
	(33, 25, 1, '337913062', '2023-11-09 21:47:20', 1),
	(34, 66, 1, '1852071742', '2023-11-09 21:47:20', 1),
	(35, 12, 3, '1897639897', '2023-11-09 21:47:20', 3),
	(36, 5, 3, '526262477', '2023-11-09 21:47:20', 4),
	(37, 52, 2, '195767886', '2023-11-09 21:47:20', 5),
	(40, 56, 1, '1679093593', '2023-11-09 21:47:20', 5),
	(41, 5, 1, '1627470465', '2023-11-09 21:47:20', 4),
	(43, 32, 3, '571735658', '2023-11-09 21:47:20', 2),
	(44, 36, 1, '414344870', '2023-11-09 21:47:20', 3),
	(45, 66, 1, '1815932167', '2023-11-09 21:47:20', 4),
	(47, 62, 1, '373462721', '2023-11-09 21:47:20', 1),
	(48, 11, 3, '803950585', '2023-11-09 21:47:20', 2),
	(49, 14, 2, '1314910173', '2023-11-09 21:47:20', 5),
	(50, 51, 3, '1931367956', '2023-11-09 21:47:20', 5),
	(51, 53, 3, '1833511154', '2023-11-09 21:47:20', 1),
	(52, 44, 1, '1695064194', '2023-11-09 21:47:20', 3),
	(53, 12, 3, '949912224', '2023-11-09 21:47:20', 1),
	(54, 52, 3, '1292436748', '2023-11-09 21:47:20', 2),
	(55, 26, 2, '659995060', '2023-11-09 21:47:20', 3),
	(57, 61, 2, '1469360505', '2023-11-09 21:47:20', 1),
	(58, 65, 3, '19387122', '2023-11-09 21:47:20', 1),
	(59, 32, 2, '1062407185', '2023-11-09 21:47:20', 1),
	(60, 46, 1, '1427813956', '2023-11-09 21:47:20', 3),
	(61, 21, 1, '1507109998', '2023-11-09 21:47:20', 2),
	(62, 12, 3, '218484834', '2023-11-09 21:47:20', 2),
	(63, 65, 3, '1220356259', '2023-11-09 21:47:20', 1),
	(64, 61, 3, '493192797', '2023-11-09 21:47:20', 2),
	(65, 45, 2, '487621651', '2023-11-09 21:47:20', 4),
	(66, 34, 3, '1833640966', '2023-11-09 21:47:20', 1),
	(67, 2, 2, '505393643', '2023-11-09 21:47:20', 4),
	(68, 45, 3, '205527237', '2023-11-09 21:47:20', 4),
	(69, 31, 1, '2029833620', '2023-11-09 21:47:20', 5),
	(70, 14, 2, '272592458', '2023-11-09 21:47:20', 5),
	(71, 13, 2, '768014590', '2023-11-09 21:47:20', 5),
	(72, 45, 2, '1850533696', '2023-11-09 21:47:20', 1),
	(73, 15, 1, '1015747180', '2023-11-09 21:47:20', 3),
	(74, 2, 3, '864362854', '2023-11-09 21:47:20', 2),
	(75, 2, 2, '365021019', '2023-11-09 21:47:20', 3),
	(76, 45, 1, '759063517', '2023-11-09 21:47:20', 2),
	(77, 62, 1, '440878606', '2023-11-09 21:47:20', 5),
	(78, 36, 1, '1542048165', '2023-11-09 21:47:20', 2),
	(79, 41, 2, '2014352286', '2023-11-09 21:47:20', 5),
	(80, 32, 1, '1394491969', '2023-11-09 21:47:20', 2),
	(81, 11, 1, '1990977961', '2023-11-09 21:47:20', 2),
	(82, 43, 2, '623435401', '2023-11-09 21:47:20', 2),
	(83, 41, 3, '43452786', '2023-11-09 21:47:20', 2),
	(84, 56, 3, '1440352988', '2023-11-09 21:47:20', 2),
	(85, 63, 1, '546903244', '2023-11-09 21:47:20', 2),
	(86, 63, 1, '887975536', '2023-11-09 21:47:20', 4),
	(87, 55, 3, '1286819526', '2023-11-09 21:47:20', 4),
	(88, 33, 1, '157631502', '2023-11-09 21:47:20', 3),
	(89, 21, 2, '1928097488', '2023-11-09 21:47:20', 5),
	(90, 64, 1, '798870269', '2023-11-09 21:47:20', 2),
	(91, 62, 1, '439332269', '2023-11-09 21:47:20', 5),
	(92, 25, 1, '1595742616', '2023-11-09 21:47:20', 3),
	(93, 36, 2, '896884666', '2023-11-09 21:47:20', 1),
	(94, 5, 3, '1673498792', '2023-11-09 21:47:20', 5),
	(95, 13, 3, '425718905', '2023-11-09 21:47:20', 4),
	(96, 32, 2, '1269207046', '2023-11-09 21:47:20', 5),
	(97, 51, 2, '527504578', '2023-11-09 21:47:20', 5),
	(98, 32, 3, '371625554', '2023-11-09 21:47:20', 2),
	(99, 51, 3, '773604315', '2023-11-09 21:47:20', 3),
	(100, 44, 2, '249481496', '2023-11-09 21:47:20', 4),
	(101, 34, 1, '1873009640', '2023-11-09 21:47:20', 5),
	(102, 66, 1, '78201156', '2023-11-09 21:47:20', 2),
	(103, 13, 2, '1135406886', '2023-11-09 21:47:20', 2),
	(104, 15, 3, '1636249218', '2023-11-09 21:47:20', 2),
	(105, 54, 2, '465158390', '2023-11-09 21:47:20', 3),
	(107, 33, 1, '2060052270', '2023-11-09 21:47:20', 1),
	(108, 65, 1, '2010597899', '2023-11-09 21:47:20', 3),
	(109, 61, 1, '601491582', '2023-11-09 21:47:20', 3),
	(110, 36, 1, '894525937', '2023-11-09 21:47:20', 4),
	(111, 16, 3, '1715072156', '2023-11-09 21:47:20', 4),
	(112, 34, 3, '1257325669', '2023-11-09 21:47:20', 5),
	(113, 32, 1, '900057088', '2023-11-09 21:47:20', 2),
	(115, 32, 1, '745174520', '2023-11-09 21:47:20', 3),
	(116, 46, 2, '1193001211', '2023-11-09 21:47:20', 3),
	(117, 45, 3, '444442356', '2023-11-09 21:47:20', 1),
	(118, 26, 3, '499493081', '2023-11-09 21:47:20', 1),
	(120, 4, 3, '71107152', '2023-11-09 21:47:20', 4),
	(121, 66, 2, '676107636', '2023-11-09 21:47:20', 1),
	(122, 51, 2, '1390129638', '2023-11-09 21:47:20', 4),
	(123, 34, 1, '1617529125', '2023-11-09 21:47:20', 1),
	(124, 43, 3, '945635636', '2023-11-09 21:47:20', 1),
	(125, 56, 1, '970623731', '2023-11-09 21:47:20', 3),
	(126, 5, 2, '445498277', '2023-11-09 21:47:20', 4),
	(127, 16, 3, '921786240', '2023-11-09 21:47:20', 5),
	(129, 62, 1, '2126610793', '2023-11-09 21:47:20', 2),
	(130, 55, 3, '2081229615', '2023-11-09 21:48:25', 3),
	(131, 11, 2, '1952722228', '2023-11-09 21:48:25', 1),
	(133, 35, 1, '297335571', '2023-11-09 21:48:25', 3),
	(134, 56, 2, '909906382', '2023-11-09 21:48:25', 2),
	(135, 43, 3, '1317091089', '2023-11-09 21:48:25', 4),
	(136, 65, 3, '1057667619', '2023-11-09 21:48:25', 1),
	(137, 44, 3, '285243623', '2023-11-09 21:48:25', 2),
	(138, 63, 2, '1335568460', '2023-11-09 21:48:25', 3),
	(139, 52, 1, '831774161', '2023-11-09 21:48:25', 2),
	(140, 33, 3, '253493027', '2023-11-09 21:48:25', 2),
	(141, 65, 3, '1703406427', '2023-11-09 21:48:25', 4),
	(143, 42, 3, '130069996', '2023-11-09 21:48:25', 2),
	(144, 65, 3, '1319319794', '2023-11-09 21:48:25', 4),
	(145, 46, 2, '641638044', '2023-11-09 21:48:25', 1),
	(146, 63, 1, '1802873812', '2023-11-09 21:48:25', 1),
	(147, 13, 2, '1409012875', '2023-11-09 21:48:25', 5),
	(148, 26, 1, '288508950', '2023-11-09 21:48:25', 5),
	(149, 46, 2, '2090362769', '2023-11-09 21:48:25', 1),
	(150, 56, 2, '397607670', '2023-11-09 21:48:25', 3),
	(151, 31, 2, '1806406809', '2023-11-09 21:48:25', 2),
	(153, 16, 3, '753508453', '2023-11-09 21:48:25', 5),
	(154, 42, 2, '1183669226', '2023-11-09 21:48:25', 3),
	(155, 55, 3, '1330795385', '2023-11-09 21:48:25', 4),
	(156, 13, 1, '1351640891', '2023-11-09 21:48:25', 5),
	(157, 65, 3, '985631594', '2023-11-09 21:48:25', 4),
	(158, 32, 3, '1822964922', '2023-11-09 21:48:25', 3),
	(159, 25, 3, '1421410923', '2023-11-09 21:48:25', 5),
	(160, 63, 3, '164754686', '2023-11-09 21:48:25', 4),
	(161, 13, 3, '2104646896', '2023-11-09 21:48:25', 2),
	(163, 33, 3, '376624664', '2023-11-09 21:48:25', 2),
	(164, 51, 3, '330547099', '2023-11-09 21:48:25', 5),
	(165, 5, 2, '1110824404', '2023-11-09 21:48:25', 1),
	(167, 45, 3, '1625793549', '2023-11-09 21:48:25', 2),
	(168, 53, 1, '1821288673', '2023-11-09 21:48:25', 2),
	(169, 63, 2, '861460024', '2023-11-09 21:48:25', 3),
	(170, 12, 2, '169524894', '2023-11-09 21:48:25', 5),
	(171, 11, 2, '1818200404', '2023-11-09 21:48:25', 1),
	(172, 56, 1, '396539960', '2023-11-09 21:48:25', 3),
	(174, 21, 3, '1611442305', '2023-11-09 21:48:25', 3),
	(175, 32, 1, '1979855342', '2023-11-09 21:48:25', 3),
	(176, 11, 3, '1843888352', '2023-11-09 21:48:25', 5),
	(177, 42, 2, '290796763', '2023-11-09 21:48:25', 3),
	(178, 13, 1, '733287068', '2023-11-09 21:48:25', 5),
	(179, 14, 2, '423517073', '2023-11-09 21:48:25', 1),
	(180, 4, 2, '1788412950', '2023-11-09 21:48:25', 1),
	(181, 43, 1, '1845953489', '2023-11-09 21:48:25', 2),
	(183, 25, 1, '733971318', '2023-11-09 21:48:25', 1),
	(184, 35, 1, '1274657144', '2023-11-09 21:48:25', 1),
	(185, 51, 3, '1295711279', '2023-11-09 21:48:25', 2),
	(186, 25, 2, '1028318891', '2023-11-09 21:48:25', 4),
	(187, 23, 3, '1086033606', '2023-11-09 21:48:25', 5),
	(188, 33, 1, '1174459118', '2023-11-09 21:48:25', 3),
	(189, 53, 2, '64684303', '2023-11-09 21:48:25', 2),
	(190, 63, 2, '459423401', '2023-11-09 21:48:25', 4),
	(191, 41, 3, '2082575236', '2023-11-09 21:48:25', 2),
	(192, 33, 2, '1121322387', '2023-11-09 21:48:25', 4),
	(193, 15, 1, '1190751458', '2023-11-09 21:48:25', 3),
	(194, 4, 1, '1074896063', '2023-11-09 21:48:25', 5),
	(195, 53, 2, '940869247', '2023-11-09 21:48:25', 4),
	(196, 63, 1, '2111142041', '2023-11-09 21:48:25', 5),
	(197, 23, 2, '2110005', '2023-11-09 21:48:25', 4),
	(198, 13, 3, '797128160', '2023-11-09 21:48:25', 3),
	(199, 44, 1, '1832351452', '2023-11-09 21:48:25', 5),
	(200, 36, 3, '832007025', '2023-11-09 21:48:25', 2),
	(201, 22, 1, '924819238', '2023-11-09 21:48:25', 4),
	(202, 54, 2, '1243663242', '2023-11-09 21:48:25', 3),
	(203, 14, 3, '987373567', '2023-11-09 21:48:25', 1),
	(204, 41, 2, '470008336', '2023-11-09 21:48:25', 4),
	(205, 65, 1, '113952998', '2023-11-09 21:48:25', 5),
	(206, 31, 2, '37760933', '2023-11-09 21:48:25', 3),
	(207, 32, 3, '962809983', '2023-11-09 21:48:25', 2),
	(208, 42, 3, '376424981', '2023-11-09 21:48:25', 4),
	(209, 4, 1, '855615396', '2023-11-09 21:48:25', 1),
	(210, 4, 3, '274934755', '2023-11-09 21:48:25', 3),
	(211, 4, 2, '1017738258', '2023-11-09 21:48:25', 3),
	(212, 64, 3, '1363205415', '2023-11-09 21:48:25', 4),
	(213, 2, 2, '1492451347', '2023-11-09 21:48:25', 3),
	(214, 15, 3, '932136559', '2023-11-09 21:48:25', 5),
	(215, 15, 2, '250699639', '2023-11-09 21:48:25', 2),
	(216, 35, 2, '1436129900', '2023-11-09 21:48:25', 1),
	(217, 5, 3, '221132663', '2023-11-09 21:48:25', 3),
	(218, 22, 3, '73601708', '2023-11-09 21:48:25', 4),
	(219, 4, 3, '1201708371', '2023-11-09 21:48:25', 1),
	(220, 65, 1, '1701604315', '2023-11-09 21:48:25', 2),
	(221, 55, 1, '1576968760', '2023-11-09 21:48:25', 2),
	(222, 23, 1, '1329125002', '2023-11-09 21:48:25', 3),
	(223, 25, 1, '1626240569', '2023-11-09 21:48:25', 5),
	(224, 32, 1, '1244587960', '2023-11-09 21:48:25', 5),
	(226, 4, 2, '1557402223', '2023-11-09 21:48:25', 1),
	(227, 65, 3, '917776568', '2023-11-09 21:48:25', 5),
	(228, 64, 3, '1921042065', '2023-11-09 21:48:25', 4),
	(229, 53, 1, '761309880', '2023-11-09 21:48:25', 2),
	(245, 2, 5, 'fgh', '2023-11-18 10:33:22', 5),
	(246, 2, 3, 'No lo borres!', '2023-11-18 22:26:58', 5);

-- Volcando datos para la tabla webdoc.etiquetas: ~70 rows (aproximadamente)
INSERT INTO `etiquetas` (`id`, `nombre`, `id_categoria`) VALUES
	(1, 'RPG', 1),
	(2, 'FPS', 1),
	(3, 'Aventuras', 1),
	(4, 'Estrategia', 1),
	(5, 'Simulación', 1),
	(6, 'Deportes', 1),
	(7, 'Arcade', 1),
	(8, 'VR', 1),
	(9, 'Multijugador', 1),
	(10, 'Indie', 1),
	(11, 'Fútbol', 2),
	(12, 'Baloncesto', 2),
	(13, 'Tenis', 2),
	(14, 'Golf', 2),
	(15, 'Ciclismo', 2),
	(16, 'Atletismo', 2),
	(17, 'Natación', 2),
	(18, 'Boxeo', 2),
	(19, 'Fórmula 1', 2),
	(20, 'Balonmano', 2),
	(21, 'Acción', 3),
	(22, 'Comedia', 3),
	(23, 'Drama', 3),
	(24, 'Ciencia Ficción', 3),
	(25, 'Terror', 3),
	(26, 'Romance', 3),
	(27, 'Aventuras', 3),
	(28, 'Animación', 3),
	(29, 'Documental', 3),
	(30, 'Musical', 3),
	(31, 'Alta costura', 4),
	(32, 'Prêt-à-porter', 4),
	(33, 'Vintage', 4),
	(34, 'Casual', 4),
	(35, 'Boho chic', 4),
	(36, 'Streetwear', 4),
	(37, 'Grunge', 4),
	(38, 'Minimalista', 4),
	(39, 'Sporty chic', 4),
	(40, 'Hippie chic', 4),
	(41, 'Shonen', 5),
	(42, 'Shojo', 5),
	(43, 'Seinen', 5),
	(44, 'Josei', 5),
	(45, 'Mecha', 5),
	(46, 'Isekai', 5),
	(47, 'Fantasía', 5),
	(48, 'Romance', 5),
	(49, 'Acción', 5),
	(50, 'Aventuras', 5),
	(51, 'Ética', 6),
	(52, 'Metafísica', 6),
	(53, 'Epistemología', 6),
	(54, 'Estética', 6),
	(55, 'Lógica', 6),
	(56, 'Filosofía política', 6),
	(57, 'Filosofía de la mente', 6),
	(58, 'Ética aplicada', 6),
	(59, 'Filosofía antigua', 6),
	(60, 'Filosofía contemporánea', 6),
	(61, 'Python', 7),
	(62, 'JavaScript', 7),
	(63, 'Java', 7),
	(64, 'C++', 7),
	(65, 'C#', 7),
	(66, 'PHP', 7),
	(67, 'Ruby', 7),
	(68, 'Swift', 7),
	(69, 'Kotlin', 7),
	(70, 'TypeScript', 7);

-- Volcando datos para la tabla webdoc.librerias: ~39 rows (aproximadamente)
INSERT INTO `librerias` (`id`, `titulo`, `descripcion`, `ruta_archivo`, `fecha_subida`, `id_categoria`) VALUES
	(2, 'Forza Horizon', 'Descubre un mundo de magia y misterio mientras buscas artefactos antiguos y enfrentas fuerzas oscuras en este RPG de acción.', '1699562399_1377417b771600d9c817.jpg', '2023-11-02 11:13:38', 1),
	(4, 'Juego Supervivencia', 'Viaja en el tiempo al Japón feudal y vive la vida de un samurai, enfrentándote a dilemas morales y enemigos mortales en este juego de acción y aventura.', '1699561459_028d919ce912b74741a3.jpg', '2023-11-02 11:13:38', 1),
	(5, 'Invasión Cibernética', 'Defiende el ciberespacio como un hacker de élite, usando habilidades de programación y tácticas de combate en este emocionante shooter en primera persona.', '1699561510_ad42e7c7bbd9253dd399.jpg', '2023-11-02 11:13:38', 1),
	(11, 'Fútbol Mundial 0: Campeones en Ascenso', 'Experimenta la pasión del fútbol en los estadios más emblemáticos del mundo. Lidera a tu equipo hacia la victoria en la máxima competición.', '1699561645_393d98db51bf666fe91f.jpeg', '2023-11-02 11:13:38', 2),
	(12, 'Grand Slam Tennis Pro: Desafío Final', 'Domina la cancha y enfrenta a los profesionales en los torneos más prestigiosos. ¿Tienes lo que se necesita para ser el número uno?', '1699561680_a1d548aa7eb12eb9724c.jpg', '2023-11-02 11:13:38', 2),
	(13, 'NBA Superstars: El Duelo de Titanes', 'Desafía la gravedad, realiza jugadas espectaculares y lleva a tu equipo a ganar el campeonato en la mejor liga de baloncesto.', '1699561771_b22e008df45a08f15e43.jpg', '2023-11-02 11:13:38', 2),
	(14, 'MMA Fight Night: Desafío Supremo', 'Entra al octágono y demuestra tus habilidades de combate. Enfrenta a los peleadores más feroces y conviértete en una leyenda de las artes marciales mixtas.', '1699561867_6c3802b5ac4f7507cf90.jpg', '2023-11-02 11:13:38', 2),
	(15, 'Formula 1', 'Domina terrenos difíciles y velocidades vertiginosas mientras compites contra los mejores pilotos en paisajes impresionantes.', '1699561971_8c2c1986411f6d103187.jpg', '2023-11-02 11:13:38', 2),
	(16, 'Torneo Femenino de Balonmano', 'Juega en los estadios más icónicos, forma tu equipo soñado y lidera las ligas en este simulador de béisbol de primer nivel.', '1699562026_f291fd7e3f31b3aad40c.jpg', '2023-11-02 11:13:38', 2),
	(21, 'Sombras del Pasado', 'Un thriller psicológico que sigue a una periodista mientras desentraña un misterio oscuro de su infancia.', '1699569723_d5188dc32db43093f82d.jpg', '2023-11-02 11:13:38', 3),
	(22, 'Galaxia en Llamas', 'Una epopeya espacial donde un grupo de rebeldes se enfrenta a un imperio intergaláctico para salvar la humanidad.', '1699562139_8b8c33412f8b147cd5ce.png', '2023-11-02 11:13:38', 3),
	(23, 'El Último Acuerdo', 'Un drama histórico que retrata la vida de dos líderes mundiales en tiempos de guerra y sus esfuerzos por la paz.', '1699603410_587dc3a8089edc4b1c73.jpg', '2023-11-02 11:13:38', 3),
	(24, 'Risas Bajo la Lluvia', 'Una comedia romántica que narra la historia de dos desconocidos que se encuentran en un día lluvioso y cómo sus vidas cambian a partir de ese momento.', '1699603650_fe8d20972cf8dc4d5cd1.jpg', '2023-11-02 11:13:38', 3),
	(25, 'Ecos del Silencio', 'Un documental impactante que explora la vida y lucha de las comunidades indígenas en regiones remotas.', '1699603851_eff7d70dbfb8a828725c.jpg', '2023-11-02 11:13:38', 3),
	(26, 'Cazadores de Sueños', 'Un grupo de amigos embarca en una aventura mágica en busca de un reino perdido en este épico film de fantasía.', '1699603899_c9ea9eedf615a6f96216.jpg', '2023-11-02 11:13:38', 3),
	(31, 'Tendencias Retro', 'Un vistazo a las modas del pasado que están regresando con fuerza esta temporada.', '1699603947_91d423d44a71c6e49623.jpg', '2023-11-02 11:13:38', 4),
	(32, 'Alta Costura en París', 'Descubre las últimas creaciones de los diseñadores más prestigiosos del mundo en la Semana de la Moda de París.', '1699603981_1ad9debddc9d3da4a328.jpg', '2023-11-02 11:13:38', 4),
	(33, 'Estilo Urbano', 'Las calles se convierten en pasarelas con las tendencias más atrevidas y contemporáneas del mundo de la moda.', '1699604018_943ec0859a4402b4cae9.jpg', '2023-11-02 11:13:38', 4),
	(34, 'Sostenibilidad en Moda', 'Un análisis de cómo la industria de la moda está adoptando prácticas más ecológicas y sostenibles.', '1699604074_5f243b3cdbc750cc88b9.jpg', '2023-11-02 11:13:38', 4),
	(35, 'La Magia del Accesorio', 'Cómo los accesorios adecuados pueden transformar por completo tu look.', '1699604128_1d0f5a6a3ac725882584.jpg', '2023-11-02 11:13:38', 4),
	(36, 'Destinos Fashion', 'Los lugares más chic del mundo para hacer compras, desde boutiques escondidas hasta grandes almacenes de lujo.', '1699604165_083804b12c5e270c4cc1.jpg', '2023-11-02 11:13:38', 4),
	(41, 'Historia del Shonen', 'Una exploración profunda de cómo los animes shonen han capturado el corazón de múltiples generaciones.', '1699604195_5b8c22fdce1626220ce4.jpg', '2023-11-02 11:13:38', 5),
	(42, 'Mundos Isekai', 'Descubre los universos paralelos más icónicos del género isekai y su creciente popularidad.', '1699604387_afb09542f8bc89dfc2e4.jpg', '2023-11-02 11:13:38', 5),
	(43, 'Directores Legendarios', 'Un homenaje a los directores que han dejado su marca en el mundo del anime.', '1699604436_255f9917fa40ad72100d.jpg', '2023-11-02 11:13:38', 5),
	(44, 'Romance en el Anime', 'Las historias de amor más emocionantes y memorables en la animación japonesa.', '1699604470_ae839370d007138a1c6d.png', '2023-11-02 11:13:38', 5),
	(45, 'Diseño de Personajes', 'El arte y la evolución del diseño de personajes en el anime a lo largo de las décadas.', '1699605531_e91819bf0fa48af77bf8.jpg', '2023-11-02 11:13:38', 5),
	(46, 'Anime y Cultura Pop', 'Cómo el anime ha influido y ha sido influenciado por la cultura pop mundial.', '1699605568_548f61bf4076f62735c9.jpg', '2023-11-02 11:13:38', 5),
	(51, 'Introducción a la Ética', 'Una exploración de los principios fundamentales de la ética y su impacto en nuestra vida diaria.', '1699605608_427f8275ef443f14eb87.jpg', '2023-11-02 11:13:38', 6),
	(52, 'Filósofos de la Antigüedad', 'Descubre las enseñanzas de los grandes pensadores de la antigüedad y su relevancia en la actualidad.', '1699605641_7c579af28b8eb668b310.jpg', '2023-11-02 11:13:38', 6),
	(53, 'Existencialismo Moderno', 'Una mirada profunda al movimiento filosófico del existencialismo y sus principales exponentes.', '1699605682_0b77c0e9b5f9edb0d3f2.jpg', '2023-11-02 11:13:38', 6),
	(54, 'La Naturaleza del Bien y del Mal', 'Debates y teorías sobre la naturaleza inherente del bien y el mal en la sociedad humana.', '1699605712_bafc87511a7b1e169cd6.jpg', '2023-11-02 11:13:38', 6),
	(55, 'La Ética en la Inteligencia Artificial', 'Explora los dilemas éticos que surgen con el avance de la tecnología y la inteligencia artificial.', '1699605771_cc4cd741c2b3b41978ff.jpg', '2023-11-02 11:13:38', 6),
	(56, 'Platón y la Idea de la Perfección', 'Una inmersión en la filosofía platónica y su búsqueda de la verdad y la perfección.', '1699605807_247407a87778be786434.jpg', '2023-11-02 11:13:38', 6),
	(61, 'Fundamentos de Python', 'Una introducción detallada al lenguaje de programación Python y sus aplicaciones prácticas.', '1699605835_62a069c678d8ac18369f.jpg', '2023-11-02 11:13:38', 7),
	(62, 'Desarrollo Web con JavaScript', 'Descubre cómo utilizar JavaScript para crear sitios web interactivos y dinámicos.', '1699605871_0fd2b527bed40e466ae3.jpg', '2023-11-02 11:13:38', 7),
	(63, 'Introducción a Machine Learning', 'Explora los conceptos básicos del aprendizaje automático y cómo aplicarlos en proyectos reales.', '1699605913_da681858b5239ea9ab41.jpg', '2023-11-02 11:13:38', 7),
	(64, 'Patrones de Diseño en Java', 'Una guía sobre patrones de diseño comunes en Java y cómo implementarlos en tu código.', '1699605962_cee44d663a16be7615f6.jpg', '2023-11-02 11:13:38', 7),
	(65, 'Bases de Datos con SQL', 'Aprende a diseñar, crear y consultar bases de datos relacionales usando SQL.', '1699606015_d63f0c85bef19277447e.jpg', '2023-11-02 11:13:38', 7),
	(66, 'Desarrollo de Apps Móviles con Flutter', 'Dive into mobile app development using Flutter and Dart for cross-platform applications.', '1699606056_ae0af469317c1c88c3b1.jpg', '2023-11-02 11:13:38', 7);

-- Volcando datos para la tabla webdoc.libro_etiqueta: ~63 rows (aproximadamente)
INSERT INTO `libro_etiqueta` (`id`, `id_libro`, `id_etiqueta`) VALUES
	(53, 4, 1),
	(54, 4, 4),
	(55, 4, 5),
	(56, 4, 9),
	(57, 5, 3),
	(58, 5, 8),
	(63, 11, 11),
	(64, 12, 13),
	(65, 13, 12),
	(66, 14, 18),
	(68, 15, 19),
	(69, 16, 20),
	(75, 21, 25),
	(80, 22, 24),
	(81, 23, 23),
	(82, 24, 22),
	(83, 25, 21),
	(84, 25, 29),
	(85, 31, 40),
	(86, 33, 34),
	(87, 32, 31),
	(88, 34, 38),
	(89, 35, 32),
	(90, 35, 34),
	(91, 36, 31),
	(92, 36, 32),
	(93, 41, 41),
	(94, 41, 49),
	(95, 42, 46),
	(96, 43, 41),
	(97, 43, 42),
	(98, 43, 43),
	(99, 43, 44),
	(100, 43, 45),
	(101, 43, 46),
	(102, 43, 47),
	(103, 43, 48),
	(104, 43, 49),
	(105, 43, 50),
	(106, 44, 48),
	(107, 45, 41),
	(108, 45, 42),
	(109, 45, 43),
	(110, 45, 44),
	(111, 51, 51),
	(112, 52, 59),
	(113, 53, 53),
	(114, 53, 55),
	(115, 54, 51),
	(116, 54, 55),
	(117, 54, 60),
	(118, 55, 51),
	(119, 55, 60),
	(120, 56, 57),
	(121, 56, 59),
	(122, 61, 61),
	(123, 62, 62),
	(124, 63, 65),
	(125, 64, 63),
	(126, 65, 68),
	(127, 66, 69),
	(138, 2, 5),
	(139, 2, 9);

-- Volcando datos para la tabla webdoc.migrations: ~6 rows (aproximadamente)
INSERT INTO `migrations` (`id`, `version`, `class`, `group`, `namespace`, `time`, `batch`) VALUES
	(17, '2022-10-15-083523', 'App\\Database\\Migrations\\Categorias', 'default', 'App', 1698919088, 1),
	(18, '2022-10-31-121819', 'App\\Database\\Migrations\\Etiquetas', 'default', 'App', 1698919088, 1),
	(19, '2023-10-15-190451', 'App\\Database\\Migrations\\Usuarios', 'default', 'App', 1698919088, 1),
	(20, '2023-10-17-083324', 'App\\Database\\Migrations\\Librerias', 'default', 'App', 1698919088, 1),
	(21, '2023-10-23-080436', 'App\\Database\\Migrations\\Comentarios', 'default', 'App', 1698919089, 1),
	(22, '2023-11-02-094729', 'App\\Database\\Migrations\\CreateLibroEtiquetaTable', 'default', 'App', 1698919089, 1);

-- Volcando datos para la tabla webdoc.usuarios: ~5 rows (aproximadamente)
INSERT INTO `usuarios` (`id`, `usuario`, `imagen`, `rol`, `correo`, `contrasena`, `fecha_creacion`, `reset_token`, `reset_expiration`) VALUES
	(1, 'admin29', '1699524498_05ad86bf9041e92eb1b5.png', 'admin', 'admin29@email.com', '$2y$10$Su00VJdrmvKBNZ2TRAkgvePrOTUTUFepYjpHSD8JKjwEZEI0fnTzW', '2023-11-02 11:24:38', NULL, NULL),
	(2, 'usuario', '1699265366_604cc0df42e0df1f1c41.png', 'usuario', 'usuario@email.com', '$2y$10$eliDwCHDXuA4qtpRv/HVTu1xTxGV7Drlsdh/p8T/S2ezNhtMvff9S', '2023-11-03 10:51:47', NULL, NULL),
	(3, 'Creador', '1699620021_cb4f4a1307556bb551b2.jpg', 'admin', 'antoniomanuel2b@hotmail.com', '$2y$10$/brjP8HboiPcVdo9gwKuT.PB2BUOjJeE9LtXaLqzb/6b3hGvM93ni', '2023-11-09 13:03:55', NULL, NULL),
	(4, 'antonio', '1699602995_01f7825bb06b83775564.jpg', 'usuario', 'antonio@email.com', '$2y$10$vJbLWJEI59HmOHc1ezcoLO8ie9N8ak5cc9bnxOy2TmZtEBvSh.nWm', '2023-11-10 08:53:08', NULL, NULL),
	(5, 'antonioteconsite', '1700342637_14263f4a959b9bf187fc.png', 'usuario', 'antonio.munuera@teconsite.com', '$2y$10$yimHCW9ceLL7x6WSjKqlTufvNyxftdAkVwGHljNafqR3meBgC6tlC', '2023-11-10 13:10:53', NULL, NULL);

/*!40103 SET TIME_ZONE=IFNULL(@OLD_TIME_ZONE, 'system') */;
/*!40101 SET SQL_MODE=IFNULL(@OLD_SQL_MODE, '') */;
/*!40014 SET FOREIGN_KEY_CHECKS=IFNULL(@OLD_FOREIGN_KEY_CHECKS, 1) */;
/*!40101 SET CHARACTER_SET_CLIENT=@OLD_CHARACTER_SET_CLIENT */;
/*!40111 SET SQL_NOTES=IFNULL(@OLD_SQL_NOTES, 1) */;
